epoch,acc,loss,val_acc,val_loss
0,0.333099906629,2.66464112119,0.378125,2.46821286678
1,0.400881185808,2.34534103096,0.503125,1.97141647339
